<?xml version="1.0" encoding="UTF-8"?>
<rss version="2.0" xmlns:ror="http://rorweb.com/0.1/" >
<channel>
  <title>ROR Sitemap for https://cep-busque.com.br/</title>
  <link>https://cep-busque.com.br/</link>

<item>
     <link>https://cep-busque.com.br/</link>
     <title>Busque um CEP</title>
     <description>Cep encontrado mais rápido. Cep - Busque, acha para você. Amazônia, áreas desmatadas veja em vídeos, floresta Amazônia no mapa, mapa da floresta Amazônia.</description>
     <ror:updatePeriod></ror:updatePeriod>
     <ror:sortOrder>0</ror:sortOrder>
     <ror:resourceOf>sitemap</ror:resourceOf>
</item>
</channel>
</rss>
  